created_at,updated_at,scrape_id,title,original_description,job_type,industry,department,job_url,is_active,internal_slug,published_date,min_exp,max_exp,category_id,generated_description
2026-01-17 21:45:36.579101,2026-01-17 21:45:36.579101,,Sr. solar sales specialist - Hyderabad,,full time,,,https://freyrenergy.zohorecruit.com/recruit/PortalDetail.na?iframe=true&digest=kL42Nd@ytp0phO25XjkROnGAUnkE7bVo.a85bxdBEmQ-&jobid=507231000021407181&widgetid=507231000000072311&embedsource=CareerSite,True,sr-solar-sales-specialist---hyderabad,2025-09-26,,,,
2026-01-17 21:45:36.579101,2026-01-17 21:45:36.579101,,Deputy Manager (res.),,full time,,,https://freyrenergy.zohorecruit.com/recruit/PortalDetail.na?iframe=true&digest=kL42Nd@ytp0phO25XjkROnGAUnkE7bVo.a85bxdBEmQ-&jobid=507231000019434367&widgetid=507231000000072311&embedsource=CareerSite,True,deputy-manager-res,2025-06-12,,,,
2026-01-17 21:45:36.579101,2026-01-17 21:45:36.579101,,Sr. Project coordinator,,full time,,,https://freyrenergy.zohorecruit.com/recruit/PortalDetail.na?iframe=true&digest=kL42Nd@ytp0phO25XjkROnGAUnkE7bVo.a85bxdBEmQ-&jobid=507231000022382294&widgetid=507231000000072311&embedsource=CareerSite,True,sr-project-coordinator,2026-01-09,,,,
2026-01-17 21:45:36.579101,2026-01-17 21:45:36.579101,,Sr Solar Sales Specialist - Anantapur,,full time,,,https://freyrenergy.zohorecruit.com/recruit/PortalDetail.na?iframe=true&digest=kL42Nd@ytp0phO25XjkROnGAUnkE7bVo.a85bxdBEmQ-&jobid=507231000020611798&widgetid=507231000000072311&embedsource=CareerSite,True,sr-solar-sales-specialist---anantapur,2025-07-15,,,,
2026-01-17 21:45:36.579101,2026-01-17 21:45:36.579101,,Site Engineers - Hyderabad,,full time,,,https://freyrenergy.zohorecruit.com/recruit/PortalDetail.na?iframe=true&digest=kL42Nd@ytp0phO25XjkROnGAUnkE7bVo.a85bxdBEmQ-&jobid=507231000019434609&widgetid=507231000000072311&embedsource=CareerSite,True,site-engineers---hyderabad,2025-08-19,,,,
2026-01-17 21:45:36.579101,2026-01-17 21:45:36.579101,,Liasioning Executive - Karimnagar,,full time,,,https://freyrenergy.zohorecruit.com/recruit/PortalDetail.na?iframe=true&digest=kL42Nd@ytp0phO25XjkROnGAUnkE7bVo.a85bxdBEmQ-&jobid=507231000019444875&widgetid=507231000000072311&embedsource=CareerSite,True,liasioning-executive---karimnagar,2025-04-09,,,,
2026-01-17 21:45:36.579101,2026-01-17 21:45:36.579101,,Documentation Executive,,full time,,,https://freyrenergy.zohorecruit.com/recruit/PortalDetail.na?iframe=true&digest=kL42Nd@ytp0phO25XjkROnGAUnkE7bVo.a85bxdBEmQ-&jobid=507231000020966233&widgetid=507231000000072311&embedsource=CareerSite,True,documentation-executive,2025-08-19,,,,
2026-01-17 21:45:36.579101,2026-01-17 21:45:36.579101,,Cluster Head Liaising - MH,,full time,,,https://freyrenergy.zohorecruit.com/recruit/PortalDetail.na?iframe=true&digest=kL42Nd@ytp0phO25XjkROnGAUnkE7bVo.a85bxdBEmQ-&jobid=507231000020966784&widgetid=507231000000072311&embedsource=CareerSite,True,cluster-head-liaising---mh,2025-11-26,,,,
2026-01-17 21:45:36.579101,2026-01-17 21:45:36.579101,,Site Engineer - Rajahmundry,,full time,,,https://freyrenergy.zohorecruit.com/recruit/PortalDetail.na?iframe=true&digest=kL42Nd@ytp0phO25XjkROnGAUnkE7bVo.a85bxdBEmQ-&jobid=507231000022378413&widgetid=507231000000072311&embedsource=CareerSite,True,site-engineer---rajahmundry,2026-01-09,,,,
2026-01-17 21:45:36.579101,2026-01-17 21:45:36.579101,,Liasioning Executive - Kakinada,,full time,,,https://freyrenergy.zohorecruit.com/recruit/PortalDetail.na?iframe=true&digest=kL42Nd@ytp0phO25XjkROnGAUnkE7bVo.a85bxdBEmQ-&jobid=507231000019444923&widgetid=507231000000072311&embedsource=CareerSite,True,liasioning-executive---kakinada,2025-04-09,,,,
2026-01-17 21:45:36.579101,2026-01-17 21:45:36.579101,,Cluster Head - MH,,full time,,,https://freyrenergy.zohorecruit.com/recruit/PortalDetail.na?iframe=true&digest=kL42Nd@ytp0phO25XjkROnGAUnkE7bVo.a85bxdBEmQ-&jobid=507231000020050065&widgetid=507231000000072311&embedsource=CareerSite,True,cluster-head---mh,2025-04-30,,,,
2026-01-17 21:45:36.579101,2026-01-17 21:45:36.579101,,Site Engineer - Tirupati,,full time,,,https://freyrenergy.zohorecruit.com/recruit/PortalDetail.na?iframe=true&digest=kL42Nd@ytp0phO25XjkROnGAUnkE7bVo.a85bxdBEmQ-&jobid=507231000022378494&widgetid=507231000000072311&embedsource=CareerSite,True,site-engineer---tirupati,2026-01-09,,,,
2026-01-17 21:45:36.579101,2026-01-17 21:45:36.579101,,Liasioning Executive - Rewa,,full time,,,https://freyrenergy.zohorecruit.com/recruit/PortalDetail.na?iframe=true&digest=kL42Nd@ytp0phO25XjkROnGAUnkE7bVo.a85bxdBEmQ-&jobid=507231000019448132&widgetid=507231000000072311&embedsource=CareerSite,True,liasioning-executive---rewa,2025-04-08,,,,
2026-01-17 21:45:36.579101,2026-01-17 21:45:36.579101,,Liasioning Executive - Indore,,full time,,,https://freyrenergy.zohorecruit.com/recruit/PortalDetail.na?iframe=true&digest=kL42Nd@ytp0phO25XjkROnGAUnkE7bVo.a85bxdBEmQ-&jobid=507231000019444721&widgetid=507231000000072311&embedsource=CareerSite,True,liasioning-executive---indore,2025-04-11,,,,
2026-01-17 21:45:36.579101,2026-01-17 21:45:36.579101,,Electrical Design Engineer Presales (C&I),,full time,,,https://freyrenergy.zohorecruit.com/recruit/PortalDetail.na?iframe=true&digest=kL42Nd@ytp0phO25XjkROnGAUnkE7bVo.a85bxdBEmQ-&jobid=507231000020966290&widgetid=507231000000072311&embedsource=CareerSite,True,electrical-design-engineer-presales-ci,2025-08-19,,,,
2026-01-17 21:45:36.579101,2026-01-17 21:45:36.579101,,Liasioning Executive - Bhopal,,full time,,,https://freyrenergy.zohorecruit.com/recruit/PortalDetail.na?iframe=true&digest=kL42Nd@ytp0phO25XjkROnGAUnkE7bVo.a85bxdBEmQ-&jobid=507231000019444747&widgetid=507231000000072311&embedsource=CareerSite,True,liasioning-executive---bhopal,2025-04-11,,,,
2026-01-17 21:45:36.579101,2026-01-17 21:45:36.579101,,O&M Engineer - Pune,,full time,,,https://freyrenergy.zohorecruit.com/recruit/PortalDetail.na?iframe=true&digest=kL42Nd@ytp0phO25XjkROnGAUnkE7bVo.a85bxdBEmQ-&jobid=507231000020966449&widgetid=507231000000072311&embedsource=CareerSite,True,om-engineer---pune,2025-08-19,,,,
2026-01-17 21:45:36.579101,2026-01-17 21:45:36.579101,,Liasioning Executive - Ratlam,,full time,,,https://freyrenergy.zohorecruit.com/recruit/PortalDetail.na?iframe=true&digest=kL42Nd@ytp0phO25XjkROnGAUnkE7bVo.a85bxdBEmQ-&jobid=507231000019448158&widgetid=507231000000072311&embedsource=CareerSite,True,liasioning-executive---ratlam,2025-04-08,,,,
2026-01-17 21:45:36.579101,2026-01-17 21:45:36.579101,,Sr. Solar Sales Specialist - Lucknow,,full time,,,https://freyrenergy.zohorecruit.com/recruit/PortalDetail.na?iframe=true&digest=kL42Nd@ytp0phO25XjkROnGAUnkE7bVo.a85bxdBEmQ-&jobid=507231000019416295&widgetid=507231000000072311&embedsource=CareerSite,True,sr-solar-sales-specialist---lucknow,2025-02-15,,,,
2026-01-17 21:45:36.579101,2026-01-17 21:45:36.579101,,Site Engineer Commercial - Indore,,full time,,,https://freyrenergy.zohorecruit.com/recruit/PortalDetail.na?iframe=true&digest=kL42Nd@ytp0phO25XjkROnGAUnkE7bVo.a85bxdBEmQ-&jobid=507231000020966928&widgetid=507231000000072311&embedsource=CareerSite,True,site-engineer-commercial---indore,2025-08-20,,,,
2026-01-17 21:45:36.579101,2026-01-17 21:45:36.579101,,Structural Design Engineer,,full time,,,https://freyrenergy.zohorecruit.com/recruit/PortalDetail.na?iframe=true&digest=kL42Nd@ytp0phO25XjkROnGAUnkE7bVo.a85bxdBEmQ-&jobid=507231000021384183&widgetid=507231000000072311&embedsource=CareerSite,True,structural-design-engineer,2025-09-22,,,,
2026-01-17 21:45:36.579101,2026-01-17 21:45:36.579101,,Liasioning Executive - Khammam,,full time,,,https://freyrenergy.zohorecruit.com/recruit/PortalDetail.na?iframe=true&digest=kL42Nd@ytp0phO25XjkROnGAUnkE7bVo.a85bxdBEmQ-&jobid=507231000019444849&widgetid=507231000000072311&embedsource=CareerSite,True,liasioning-executive---khammam,2025-04-09,,,,
2026-01-17 21:45:36.579101,2026-01-17 21:45:36.579101,,Sr. Solar Sales Specialist - Rajahmundry,,full time,,,https://freyrenergy.zohorecruit.com/recruit/PortalDetail.na?iframe=true&digest=kL42Nd@ytp0phO25XjkROnGAUnkE7bVo.a85bxdBEmQ-&jobid=507231000019407376&widgetid=507231000000072311&embedsource=CareerSite,True,sr-solar-sales-specialist---rajahmundry,2025-02-15,,,,
2026-01-17 21:45:36.579101,2026-01-17 21:45:36.579101,,Manager - Contracts,,full time,,,https://freyrenergy.zohorecruit.com/recruit/PortalDetail.na?iframe=true&digest=kL42Nd@ytp0phO25XjkROnGAUnkE7bVo.a85bxdBEmQ-&jobid=507231000022325863&widgetid=507231000000072311&embedsource=CareerSite,True,manager---contracts,2026-01-05,,,,
2026-01-17 21:45:36.579101,2026-01-17 21:45:36.579101,,Jr. Sales Support Executive - Telugu,,full time,,,https://freyrenergy.zohorecruit.com/recruit/PortalDetail.na?iframe=true&digest=kL42Nd@ytp0phO25XjkROnGAUnkE7bVo.a85bxdBEmQ-&jobid=507231000019418139&widgetid=507231000000072311&embedsource=CareerSite,True,jr-sales-support-executive---telugu,2025-02-20,,,,
2026-01-17 21:45:36.579101,2026-01-17 21:45:36.579101,,Liasioning Executive - Kanpur,,full time,,,https://freyrenergy.zohorecruit.com/recruit/PortalDetail.na?iframe=true&digest=kL42Nd@ytp0phO25XjkROnGAUnkE7bVo.a85bxdBEmQ-&jobid=507231000019448034&widgetid=507231000000072311&embedsource=CareerSite,True,liasioning-executive---kanpur,2025-04-09,,,,
2026-01-17 21:45:36.579101,2026-01-17 21:45:36.579101,,Liasioning Executive - Nashik,,full time,,,https://freyrenergy.zohorecruit.com/recruit/PortalDetail.na?iframe=true&digest=kL42Nd@ytp0phO25XjkROnGAUnkE7bVo.a85bxdBEmQ-&jobid=507231000019444649&widgetid=507231000000072311&embedsource=CareerSite,True,liasioning-executive---nashik,2025-04-11,,,,
2026-01-17 21:45:36.579101,2026-01-17 21:45:36.579101,,Liasioning Executive - Sangareddy,,full time,,,https://freyrenergy.zohorecruit.com/recruit/PortalDetail.na?iframe=true&digest=kL42Nd@ytp0phO25XjkROnGAUnkE7bVo.a85bxdBEmQ-&jobid=507231000019448258&widgetid=507231000000072311&embedsource=CareerSite,True,liasioning-executive---sangareddy,2025-04-08,,,,
2026-01-17 21:45:36.579101,2026-01-17 21:45:36.579101,,Liasioning Executive - Warangal,,full time,,,https://freyrenergy.zohorecruit.com/recruit/PortalDetail.na?iframe=true&digest=kL42Nd@ytp0phO25XjkROnGAUnkE7bVo.a85bxdBEmQ-&jobid=507231000019444899&widgetid=507231000000072311&embedsource=CareerSite,True,liasioning-executive---warangal,2025-04-09,,,,
2026-01-17 21:45:36.579101,2026-01-17 21:45:36.579101,,Liasioning Executive -Sagar,,full time,,,https://freyrenergy.zohorecruit.com/recruit/PortalDetail.na?iframe=true&digest=kL42Nd@ytp0phO25XjkROnGAUnkE7bVo.a85bxdBEmQ-&jobid=507231000019444984&widgetid=507231000000072311&embedsource=CareerSite,True,liasioning-executive--sagar,2025-04-09,,,,
2026-01-17 21:45:36.579101,2026-01-17 21:45:36.579101,,Liasioning Executive - Amravati,,full time,,,https://freyrenergy.zohorecruit.com/recruit/PortalDetail.na?iframe=true&digest=kL42Nd@ytp0phO25XjkROnGAUnkE7bVo.a85bxdBEmQ-&jobid=507231000019448356&widgetid=507231000000072311&embedsource=CareerSite,True,liasioning-executive---amravati,2025-04-07,,,,
2026-01-17 21:45:36.579101,2026-01-17 21:45:36.579101,,Jr. Sales Support Executive - Marathi,,full time,,,https://freyrenergy.zohorecruit.com/recruit/PortalDetail.na?iframe=true&digest=kL42Nd@ytp0phO25XjkROnGAUnkE7bVo.a85bxdBEmQ-&jobid=507231000019418141&widgetid=507231000000072311&embedsource=CareerSite,True,jr-sales-support-executive---marathi,2025-05-13,,,,
2026-01-17 21:45:36.579101,2026-01-17 21:45:36.579101,,Site Engineer - Vijayawada,,full time,,,https://freyrenergy.zohorecruit.com/recruit/PortalDetail.na?iframe=true&digest=kL42Nd@ytp0phO25XjkROnGAUnkE7bVo.a85bxdBEmQ-&jobid=507231000019888001&widgetid=507231000000072311&embedsource=CareerSite,True,site-engineer---vijayawada,2025-05-07,,,,
2026-01-17 21:45:36.579101,2026-01-17 21:45:36.579101,,Liasioning Executive -Eluru,,full time,,,https://freyrenergy.zohorecruit.com/recruit/PortalDetail.na?iframe=true&digest=kL42Nd@ytp0phO25XjkROnGAUnkE7bVo.a85bxdBEmQ-&jobid=507231000019444949&widgetid=507231000000072311&embedsource=CareerSite,True,liasioning-executive--eluru,2025-04-09,,,,
2026-01-17 21:45:36.579101,2026-01-17 21:45:36.579101,,Liasioning Executive - Ujjain,,full time,,,https://freyrenergy.zohorecruit.com/recruit/PortalDetail.na?iframe=true&digest=kL42Nd@ytp0phO25XjkROnGAUnkE7bVo.a85bxdBEmQ-&jobid=507231000019448382&widgetid=507231000000072311&embedsource=CareerSite,True,liasioning-executive---ujjain,2025-04-07,,,,
2026-01-17 21:45:36.579101,2026-01-17 21:45:36.579101,,Liasioning Executive - Jabalpur,,full time,,,https://freyrenergy.zohorecruit.com/recruit/PortalDetail.na?iframe=true&digest=kL42Nd@ytp0phO25XjkROnGAUnkE7bVo.a85bxdBEmQ-&jobid=507231000019448108&widgetid=507231000000072311&embedsource=CareerSite,True,liasioning-executive---jabalpur,2025-04-08,,,,
2026-01-17 21:45:36.579101,2026-01-17 21:45:36.579101,,Liasioning Executive - Varanasi,,full time,,,https://freyrenergy.zohorecruit.com/recruit/PortalDetail.na?iframe=true&digest=kL42Nd@ytp0phO25XjkROnGAUnkE7bVo.a85bxdBEmQ-&jobid=507231000019448234&widgetid=507231000000072311&embedsource=CareerSite,True,liasioning-executive---varanasi,2025-04-08,,,,
2026-01-17 21:45:36.579101,2026-01-17 21:45:36.579101,,Sr. Solar Sales Specialist - Tirupati,,full time,,,https://freyrenergy.zohorecruit.com/recruit/PortalDetail.na?iframe=true&digest=kL42Nd@ytp0phO25XjkROnGAUnkE7bVo.a85bxdBEmQ-&jobid=507231000019416715&widgetid=507231000000072311&embedsource=CareerSite,True,sr-solar-sales-specialist---tirupati,2025-02-15,,,,
2026-01-17 21:45:36.579101,2026-01-17 21:45:36.579101,,Liasioning Executive - Gwalior,,full time,,,https://freyrenergy.zohorecruit.com/recruit/PortalDetail.na?iframe=true&digest=kL42Nd@ytp0phO25XjkROnGAUnkE7bVo.a85bxdBEmQ-&jobid=507231000019448008&widgetid=507231000000072311&embedsource=CareerSite,True,liasioning-executive---gwalior,2025-04-09,,,,
2026-01-17 21:45:36.579101,2026-01-17 21:45:36.579101,,Jr. Sales Support Executive - Hindi,,full time,,,https://freyrenergy.zohorecruit.com/recruit/PortalDetail.na?iframe=true&digest=kL42Nd@ytp0phO25XjkROnGAUnkE7bVo.a85bxdBEmQ-&jobid=507231000019448458&widgetid=507231000000072311&embedsource=CareerSite,True,jr-sales-support-executive---hindi,2025-02-20,,,,
2026-01-17 21:45:36.579101,2026-01-17 21:45:36.579101,,Sr. Solar Sales Specialist - Chittoor,,full time,,,https://freyrenergy.zohorecruit.com/recruit/PortalDetail.na?iframe=true&digest=kL42Nd@ytp0phO25XjkROnGAUnkE7bVo.a85bxdBEmQ-&jobid=507231000019416801&widgetid=507231000000072311&embedsource=CareerSite,True,sr-solar-sales-specialist---chittoor,2025-09-09,,,,
2026-01-17 21:45:36.579101,2026-01-17 21:45:36.579101,,Liasioning Executive - Aurangabad,,full time,,,https://freyrenergy.zohorecruit.com/recruit/PortalDetail.na?iframe=true&digest=kL42Nd@ytp0phO25XjkROnGAUnkE7bVo.a85bxdBEmQ-&jobid=507231000019444673&widgetid=507231000000072311&embedsource=CareerSite,True,liasioning-executive---aurangabad,2025-04-11,,,,
2026-01-17 21:45:36.579101,2026-01-17 21:45:36.579101,,Liasioning Executive - Prayagraj,,full time,,,https://freyrenergy.zohorecruit.com/recruit/PortalDetail.na?iframe=true&digest=kL42Nd@ytp0phO25XjkROnGAUnkE7bVo.a85bxdBEmQ-&jobid=507231000019444773&widgetid=507231000000072311&embedsource=CareerSite,True,liasioning-executive---prayagraj,2025-04-11,,,,
2026-01-17 21:45:36.579101,2026-01-17 21:45:36.579101,,Sr. Solar Sales Specialist - Kakinada,,full time,,,https://freyrenergy.zohorecruit.com/recruit/PortalDetail.na?iframe=true&digest=kL42Nd@ytp0phO25XjkROnGAUnkE7bVo.a85bxdBEmQ-&jobid=507231000019416839&widgetid=507231000000072311&embedsource=CareerSite,True,sr-solar-sales-specialist---kakinada,2025-02-15,,,,
2026-01-17 21:45:36.579101,2026-01-17 21:45:36.579101,,Sr. Analyst,,full time,,,https://freyrenergy.zohorecruit.com/recruit/PortalDetail.na?iframe=true&digest=kL42Nd@ytp0phO25XjkROnGAUnkE7bVo.a85bxdBEmQ-&jobid=507231000021645276&widgetid=507231000000072311&embedsource=CareerSite,True,sr-analyst,2025-10-21,,,,
2026-01-17 21:45:36.579101,2026-01-17 21:45:36.579101,,Liasioning Executive - Nagpur,,full time,,,https://freyrenergy.zohorecruit.com/recruit/PortalDetail.na?iframe=true&digest=kL42Nd@ytp0phO25XjkROnGAUnkE7bVo.a85bxdBEmQ-&jobid=507231000019444623&widgetid=507231000000072311&embedsource=CareerSite,True,liasioning-executive---nagpur,2025-04-11,,,,
2026-01-17 21:45:36.579101,2026-01-17 21:45:36.579101,,Liasioning Executive - Nalgonda,,full time,,,https://freyrenergy.zohorecruit.com/recruit/PortalDetail.na?iframe=true&digest=kL42Nd@ytp0phO25XjkROnGAUnkE7bVo.a85bxdBEmQ-&jobid=507231000019448284&widgetid=507231000000072311&embedsource=CareerSite,True,liasioning-executive---nalgonda,2025-04-08,,,,
2026-01-17 21:45:36.579101,2026-01-17 21:45:36.579101,,Liasioning Executive - Guntur,,full time,,,https://freyrenergy.zohorecruit.com/recruit/PortalDetail.na?iframe=true&digest=kL42Nd@ytp0phO25XjkROnGAUnkE7bVo.a85bxdBEmQ-&jobid=507231000019444799&widgetid=507231000000072311&embedsource=CareerSite,True,liasioning-executive---guntur,2025-04-09,,,,
2026-01-17 21:45:36.579101,2026-01-17 21:45:36.579101,,Sr. Solar sales Specialist - Sangareddy,,full time,,,https://freyrenergy.zohorecruit.com/recruit/PortalDetail.na?iframe=true&digest=kL42Nd@ytp0phO25XjkROnGAUnkE7bVo.a85bxdBEmQ-&jobid=507231000019416214&widgetid=507231000000072311&embedsource=CareerSite,True,sr-solar-sales-specialist---sangareddy,2025-02-15,,,,
2026-01-17 21:45:36.579101,2026-01-17 21:45:36.579101,,Social Media & Content Manager,,full time,,,https://freyrenergy.zohorecruit.com/recruit/PortalDetail.na?iframe=true&digest=kL42Nd@ytp0phO25XjkROnGAUnkE7bVo.a85bxdBEmQ-&jobid=507231000020876018&widgetid=507231000000072311&embedsource=CareerSite,True,social-media--content-manager,2025-08-13,,,,
2026-01-17 21:45:36.579101,2026-01-17 21:45:36.579101,,Liasioning Executive - Kolhapur,,full time,,,https://freyrenergy.zohorecruit.com/recruit/PortalDetail.na?iframe=true&digest=kL42Nd@ytp0phO25XjkROnGAUnkE7bVo.a85bxdBEmQ-&jobid=507231000019444697&widgetid=507231000000072311&embedsource=CareerSite,True,liasioning-executive---kolhapur,2025-04-11,,,,
2026-01-17 21:45:36.579101,2026-01-17 21:45:36.579101,,Liasioning Executive - Tirupati,,full time,,,https://freyrenergy.zohorecruit.com/recruit/PortalDetail.na?iframe=true&digest=kL42Nd@ytp0phO25XjkROnGAUnkE7bVo.a85bxdBEmQ-&jobid=507231000019444599&widgetid=507231000000072311&embedsource=CareerSite,True,liasioning-executive---tirupati,2025-04-11,,,,
2026-01-17 21:45:36.579101,2026-01-17 21:45:36.579101,,Liasioning Executive - Anantapur,,full time,,,https://freyrenergy.zohorecruit.com/recruit/PortalDetail.na?iframe=true&digest=kL42Nd@ytp0phO25XjkROnGAUnkE7bVo.a85bxdBEmQ-&jobid=507231000019448332&widgetid=507231000000072311&embedsource=CareerSite,True,liasioning-executive---anantapur,2025-04-08,,,,
2026-01-17 21:45:36.579101,2026-01-17 21:45:36.579101,,Liasioning Executive - Kochi,,full time,,,https://freyrenergy.zohorecruit.com/recruit/PortalDetail.na?iframe=true&digest=kL42Nd@ytp0phO25XjkROnGAUnkE7bVo.a85bxdBEmQ-&jobid=507231000019448408&widgetid=507231000000072311&embedsource=CareerSite,True,liasioning-executive---kochi,2025-04-07,,,,
2026-01-17 21:45:36.579101,2026-01-17 21:45:36.579101,,Sr.Solar sales Specialist - Ongole,,full time,,,https://freyrenergy.zohorecruit.com/recruit/PortalDetail.na?iframe=true&digest=kL42Nd@ytp0phO25XjkROnGAUnkE7bVo.a85bxdBEmQ-&jobid=507231000019416508&widgetid=507231000000072311&embedsource=CareerSite,True,srsolar-sales-specialist---ongole,2025-02-15,,,,
2026-01-17 21:45:36.579101,2026-01-17 21:45:36.579101,,Liasioning Executive - Ongole,,full time,,,https://freyrenergy.zohorecruit.com/recruit/PortalDetail.na?iframe=true&digest=kL42Nd@ytp0phO25XjkROnGAUnkE7bVo.a85bxdBEmQ-&jobid=507231000019448308&widgetid=507231000000072311&embedsource=CareerSite,True,liasioning-executive---ongole,2025-04-08,,,,
2026-01-17 21:45:36.579101,2026-01-17 21:45:36.579101,,Finance - Executive,,full time,,,https://freyrenergy.zohorecruit.com/recruit/PortalDetail.na?iframe=true&digest=kL42Nd@ytp0phO25XjkROnGAUnkE7bVo.a85bxdBEmQ-&jobid=507231000020626888&widgetid=507231000000072311&embedsource=CareerSite,True,finance---executive,2025-10-07,,,,
2026-01-17 21:45:36.579101,2026-01-17 21:45:36.579101,,Liasioning Executive - Chittoor,,full time,,,https://freyrenergy.zohorecruit.com/recruit/PortalDetail.na?iframe=true&digest=kL42Nd@ytp0phO25XjkROnGAUnkE7bVo.a85bxdBEmQ-&jobid=507231000019444825&widgetid=507231000000072311&embedsource=CareerSite,True,liasioning-executive---chittoor,2025-04-09,,,,
2026-01-17 21:45:36.579101,2026-01-17 21:45:36.579101,,Sr. Solar Sales Specialist - Vijayawada,,full time,,,https://freyrenergy.zohorecruit.com/recruit/PortalDetail.na?iframe=true&digest=kL42Nd@ytp0phO25XjkROnGAUnkE7bVo.a85bxdBEmQ-&jobid=507231000019416670&widgetid=507231000000072311&embedsource=CareerSite,True,sr-solar-sales-specialist---vijayawada,2025-02-15,,,,
2026-01-17 21:45:36.579101,2026-01-17 21:45:36.579101,,Sr. Solar Sales Specialist - Eluru,,full time,,,https://freyrenergy.zohorecruit.com/recruit/PortalDetail.na?iframe=true&digest=kL42Nd@ytp0phO25XjkROnGAUnkE7bVo.a85bxdBEmQ-&jobid=507231000019416627&widgetid=507231000000072311&embedsource=CareerSite,True,sr-solar-sales-specialist---eluru,2025-02-15,,,,
2026-01-17 21:45:36.579101,2026-01-17 21:45:36.579101,,Liasioning Executive - Thiruvananthapuram,,full time,,,https://freyrenergy.zohorecruit.com/recruit/PortalDetail.na?iframe=true&digest=kL42Nd@ytp0phO25XjkROnGAUnkE7bVo.a85bxdBEmQ-&jobid=507231000019448182&widgetid=507231000000072311&embedsource=CareerSite,True,liasioning-executive---thiruvananthapuram,2025-04-08,,,,
2026-01-17 21:45:36.579101,2026-01-17 21:45:36.579101,,Liasioning Executive - Kozhikode,,full time,,,https://freyrenergy.zohorecruit.com/recruit/PortalDetail.na?iframe=true&digest=kL42Nd@ytp0phO25XjkROnGAUnkE7bVo.a85bxdBEmQ-&jobid=507231000019448208&widgetid=507231000000072311&embedsource=CareerSite,True,liasioning-executive---kozhikode,2025-04-08,,,,
2026-01-17 21:45:36.579101,2026-01-17 21:45:36.579101,,Liasioning Executive - Prayagraj,,full time,,,https://freyrenergy.zohorecruit.com/recruit/PortalDetail.na?iframe=true&digest=kL42Nd@ytp0phO25XjkROnGAUnkE7bVo.a85bxdBEmQ-&jobid=507231000019448058&widgetid=507231000000072311&embedsource=CareerSite,True,liasioning-executive---prayagraj,2025-04-08,,,,
2026-01-17 21:45:36.579101,2026-01-17 21:45:36.579101,,Liasioning Executive - Kurnool,,full time,,,https://freyrenergy.zohorecruit.com/recruit/PortalDetail.na?iframe=true&digest=kL42Nd@ytp0phO25XjkROnGAUnkE7bVo.a85bxdBEmQ-&jobid=507231000019448082&widgetid=507231000000072311&embedsource=CareerSite,True,liasioning-executive---kurnool,2025-04-08,,,,
2026-01-17 21:45:36.579101,2026-01-17 21:45:36.579101,,Sr Manager - Dwarka,,full time,,,https://saahas.zohorecruit.com/recruit/PortalDetail.na?iframe=true&digest=j@GbK5pmYRXio5XkM29UDHGAUnkE7bVo.a85bxdBEmQ-&jobid=494888000012052333&widgetid=494888000000072311&embedsource=CareerSite,True,sr-manager---dwarka,2025-11-28,,,,
2026-01-17 21:45:36.579101,2026-01-17 21:45:36.579101,,Procurement & Sales Executive – IT Hardware Refurbishment,,full time,,,https://saahas.zohorecruit.com/recruit/PortalDetail.na?iframe=true&digest=j@GbK5pmYRXio5XkM29UDHGAUnkE7bVo.a85bxdBEmQ-&jobid=494888000012460001&widgetid=494888000000072311&embedsource=CareerSite,True,procurement--sales-executive--it-hardware-refurbishment,2026-01-14,,,,
2026-01-17 21:45:36.579101,2026-01-17 21:45:36.579101,,Supervisor - odisha - Solid waste,,full time,,,https://saahas.zohorecruit.com/recruit/PortalDetail.na?iframe=true&digest=j@GbK5pmYRXio5XkM29UDHGAUnkE7bVo.a85bxdBEmQ-&jobid=494888000012348010&widgetid=494888000000072311&embedsource=CareerSite,True,supervisor---odisha---solid-waste,2025-12-17,,,,
2026-01-17 21:45:36.579101,2026-01-17 21:45:36.579101,,Project Coordinator - Hyderabad - Waste Management,,full time,,,https://saahas.zohorecruit.com/recruit/PortalDetail.na?iframe=true&digest=j@GbK5pmYRXio5XkM29UDHGAUnkE7bVo.a85bxdBEmQ-&jobid=494888000012348108&widgetid=494888000000072311&embedsource=CareerSite,True,project-coordinator---hyderabad---waste-management,2025-12-17,,,,
2026-01-17 21:45:36.579101,2026-01-17 21:45:36.579101,,Associate Manager - odisha - SWM,,full time,,,https://saahas.zohorecruit.com/recruit/PortalDetail.na?iframe=true&digest=j@GbK5pmYRXio5XkM29UDHGAUnkE7bVo.a85bxdBEmQ-&jobid=494888000012305073&widgetid=494888000000072311&embedsource=CareerSite,True,associate-manager---odisha---swm,2025-12-09,,,,
2026-01-17 21:45:36.579101,2026-01-17 21:45:36.579101,,ASM,,full time,,,https://ckersfinance.zohorecruit.com/recruit/PortalDetail.na?iframe=true&digest=gKaT7IDh1ddJQXE8jdQ4PHGAUnkE7bVo.a85bxdBEmQ-&jobid=448549000001167007&widgetid=448549000000072311&embedsource=CareerSite,True,asm,2025-11-13,,,,
2026-01-17 21:45:36.579101,2026-01-17 21:45:36.579101,,Credit Manager,,full time,,,https://ckersfinance.zohorecruit.com/recruit/PortalDetail.na?iframe=true&digest=gKaT7IDh1ddJQXE8jdQ4PHGAUnkE7bVo.a85bxdBEmQ-&jobid=448549000001305001&widgetid=448549000000072311&embedsource=CareerSite,True,credit-manager,2025-11-13,,,,
2026-01-17 21:45:36.579101,2026-01-17 21:45:36.579101,,Product Manager - Channel Management,,full time,,,https://ckersfinance.zohorecruit.com/recruit/PortalDetail.na?iframe=true&digest=gKaT7IDh1ddJQXE8jdQ4PHGAUnkE7bVo.a85bxdBEmQ-&jobid=448549000001282061&widgetid=448549000000072311&embedsource=CareerSite,True,product-manager---channel-management,2025-10-28,,,,
2026-01-17 21:45:36.579101,2026-01-17 21:45:36.579101,,System Admin,,full time,,,https://hecs.zohorecruit.com/recruit/PortalDetail.na?iframe=true&digest=cxa@9H.O9TTf4bX9H20RxHGAUnkE7bVo.a85bxdBEmQ-&jobid=442528000004980001&widgetid=442528000000072311&embedsource=CareerSite,True,system-admin,2026-01-13,,,,
2026-01-17 21:45:36.579101,2026-01-17 21:45:36.579101,,Hr Recruiter,,full time,,,https://hecs.zohorecruit.com/recruit/PortalDetail.na?iframe=true&digest=cxa@9H.O9TTf4bX9H20RxHGAUnkE7bVo.a85bxdBEmQ-&jobid=442528000004937152&widgetid=442528000000072311&embedsource=CareerSite,True,hr-recruiter,2026-01-07,,,,
2026-01-17 21:45:36.579101,2026-01-17 21:45:36.579101,,PURCHASE MANAGER,,full time,,,https://hecs.zohorecruit.com/recruit/PortalDetail.na?iframe=true&digest=cxa@9H.O9TTf4bX9H20RxHGAUnkE7bVo.a85bxdBEmQ-&jobid=442528000004937200&widgetid=442528000000072311&embedsource=CareerSite,True,purchase-manager,2026-01-07,,,,
2026-01-17 21:45:36.579101,2026-01-17 21:45:36.579101,,Manager proposal,,full time,,,https://hecs.zohorecruit.com/recruit/PortalDetail.na?iframe=true&digest=cxa@9H.O9TTf4bX9H20RxHGAUnkE7bVo.a85bxdBEmQ-&jobid=442528000004920044&widgetid=442528000000072311&embedsource=CareerSite,True,manager-proposal,2026-01-05,,,,
2026-01-17 21:45:36.579101,2026-01-17 21:45:36.579101,,Marketing Manager,,full time,,,https://hecs.zohorecruit.com/recruit/PortalDetail.na?iframe=true&digest=cxa@9H.O9TTf4bX9H20RxHGAUnkE7bVo.a85bxdBEmQ-&jobid=442528000004920155&widgetid=442528000000072311&embedsource=CareerSite,True,marketing-manager,2026-01-06,,,,
2026-01-17 21:45:36.579101,2026-01-17 21:45:36.579101,,SENIOR NETWORK ENGINEER,,full time,,,https://hecs.zohorecruit.com/recruit/PortalDetail.na?iframe=true&digest=cxa@9H.O9TTf4bX9H20RxHGAUnkE7bVo.a85bxdBEmQ-&jobid=442528000004920205&widgetid=442528000000072311&embedsource=CareerSite,True,senior-network-engineer,2026-01-06,,,,
2026-01-17 21:45:36.579101,2026-01-17 21:45:36.579101,,Internship,,full time,,,https://hecs.zohorecruit.com/recruit/PortalDetail.na?iframe=true&digest=cxa@9H.O9TTf4bX9H20RxHGAUnkE7bVo.a85bxdBEmQ-&jobid=442528000003902060&widgetid=442528000000072311&embedsource=CareerSite,True,internship,2025-09-06,,,,
2026-01-17 21:45:36.579101,2026-01-17 21:45:36.579101,,Marketing Coordinator - Spares & Chemical,,full time,,,https://hecs.zohorecruit.com/recruit/PortalDetail.na?iframe=true&digest=cxa@9H.O9TTf4bX9H20RxHGAUnkE7bVo.a85bxdBEmQ-&jobid=442528000004939200&widgetid=442528000000072311&embedsource=CareerSite,True,marketing-coordinator---spares--chemical,2026-01-08,,,,
2026-01-17 21:45:36.579101,2026-01-17 21:45:36.579101,,Functional Area Expert – FAE,,full time,,,https://hecs.zohorecruit.com/recruit/PortalDetail.na?iframe=true&digest=cxa@9H.O9TTf4bX9H20RxHGAUnkE7bVo.a85bxdBEmQ-&jobid=442528000005004001&widgetid=442528000000072311&embedsource=CareerSite,True,functional-area-expert--fae,2026-01-14,,,,
2026-01-17 21:45:36.579101,2026-01-17 21:45:36.579101,,Lab Marketing Manager,,full time,,,https://hecs.zohorecruit.com/recruit/PortalDetail.na?iframe=true&digest=cxa@9H.O9TTf4bX9H20RxHGAUnkE7bVo.a85bxdBEmQ-&jobid=442528000004980052&widgetid=442528000000072311&embedsource=CareerSite,True,lab-marketing-manager,2026-01-13,,,,
2026-01-17 21:45:36.579101,2026-01-17 21:45:36.579101,,Biodiversity Manager | Corporate Advisory,,full time,,,https://enkingint.zohorecruit.com/recruit/PortalDetail.na?iframe=true&digest=aUnyjlpadBy.9HV.@STGw3GAUnkE7bVo.a85bxdBEmQ-&jobid=410847000027664001&widgetid=410847000000072311&embedsource=CareerSite,True,biodiversity-manager--corporate-advisory,2026-01-09,,,,
2026-01-17 21:45:36.579101,2026-01-17 21:45:36.579101,,Intern | Operation,,full time,,,https://enkingint.zohorecruit.com/recruit/PortalDetail.na?iframe=true&digest=aUnyjlpadBy.9HV.@STGw3GAUnkE7bVo.a85bxdBEmQ-&jobid=410847000027687116&widgetid=410847000000072311&embedsource=CareerSite,True,intern--operation,2026-01-13,,,,
2026-01-17 21:45:36.579101,2026-01-17 21:45:36.579101,,Management Trainee | Environmental Commodity Trading,,full time,,,https://enkingint.zohorecruit.com/recruit/PortalDetail.na?iframe=true&digest=aUnyjlpadBy.9HV.@STGw3GAUnkE7bVo.a85bxdBEmQ-&jobid=410847000026484029&widgetid=410847000000072311&embedsource=CareerSite,True,management-trainee--environmental-commodity-trading,2026-01-06,,,,
2026-01-17 21:45:36.579101,2026-01-17 21:45:36.579101,,Management Trainee | MIS,,full time,,,https://enkingint.zohorecruit.com/recruit/PortalDetail.na?iframe=true&digest=aUnyjlpadBy.9HV.@STGw3GAUnkE7bVo.a85bxdBEmQ-&jobid=410847000027422001&widgetid=410847000000072311&embedsource=CareerSite,True,management-trainee--mis,2025-11-26,,,,
2026-01-17 21:45:36.579101,2026-01-17 21:45:36.579101,,Upload resume of your respective domain,,full time,,,https://enkingint.zohorecruit.com/recruit/PortalDetail.na?iframe=true&digest=aUnyjlpadBy.9HV.@STGw3GAUnkE7bVo.a85bxdBEmQ-&jobid=410847000001781100&widgetid=410847000000072311&embedsource=CareerSite,True,upload-resume-of-your-respective-domain,2019-09-18,,,,
2026-01-17 21:45:36.579101,2026-01-17 21:45:36.579101,,Intern | Legal & Risk,,full time,,,https://enkingint.zohorecruit.com/recruit/PortalDetail.na?iframe=true&digest=aUnyjlpadBy.9HV.@STGw3GAUnkE7bVo.a85bxdBEmQ-&jobid=410847000026266029&widgetid=410847000000072311&embedsource=CareerSite,True,intern--legal--risk,2026-01-08,,,,
2026-01-17 21:45:36.579101,2026-01-17 21:45:36.579101,,CBG Plant Head | Projects & Operations,,full time,,,https://enkingint.zohorecruit.com/recruit/PortalDetail.na?iframe=true&digest=aUnyjlpadBy.9HV.@STGw3GAUnkE7bVo.a85bxdBEmQ-&jobid=410847000027170001&widgetid=410847000000072311&embedsource=CareerSite,True,cbg-plant-head--projects--operations,2025-10-13,,,,
2026-01-17 21:45:36.579101,2026-01-17 21:45:36.579101,,Management Trainee | Project Operations,,full time,,,https://enkingint.zohorecruit.com/recruit/PortalDetail.na?iframe=true&digest=aUnyjlpadBy.9HV.@STGw3GAUnkE7bVo.a85bxdBEmQ-&jobid=410847000027414007&widgetid=410847000000072311&embedsource=CareerSite,True,management-trainee--project-operations,2025-11-26,,,,
2026-01-17 21:45:36.579101,2026-01-17 21:45:36.579101,,Marketing Manager | Branding & Communication,,full time,,,https://enkingint.zohorecruit.com/recruit/PortalDetail.na?iframe=true&digest=aUnyjlpadBy.9HV.@STGw3GAUnkE7bVo.a85bxdBEmQ-&jobid=410847000027615037&widgetid=410847000000072311&embedsource=CareerSite,True,marketing-manager--branding--communication,2025-12-31,,,,
2026-01-17 21:45:36.579101,2026-01-17 21:45:36.579101,,Intern | Finance & Accounts,,contract,,,https://enkingint.zohorecruit.com/recruit/PortalDetail.na?iframe=true&digest=aUnyjlpadBy.9HV.@STGw3GAUnkE7bVo.a85bxdBEmQ-&jobid=410847000024155001&widgetid=410847000000072311&embedsource=CareerSite,True,intern--finance--accounts,2025-09-30,,,,
2026-01-17 21:45:36.579101,2026-01-17 21:45:36.579101,,Management Trainee | Executive Assistant,,full time,,,https://enkingint.zohorecruit.com/recruit/PortalDetail.na?iframe=true&digest=aUnyjlpadBy.9HV.@STGw3GAUnkE7bVo.a85bxdBEmQ-&jobid=410847000027376042&widgetid=410847000000072311&embedsource=CareerSite,True,management-trainee--executive-assistant,2026-01-13,,,,
2026-01-17 21:45:36.579101,2026-01-17 21:45:36.579101,,Senior Manager | Business Development,,full time,,,https://enkingint.zohorecruit.com/recruit/PortalDetail.na?iframe=true&digest=aUnyjlpadBy.9HV.@STGw3GAUnkE7bVo.a85bxdBEmQ-&jobid=410847000027631001&widgetid=410847000000072311&embedsource=CareerSite,True,senior-manager--business-development,2026-01-05,,,,
2026-01-17 21:45:36.579101,2026-01-17 21:45:36.579101,,Manager | Strategic Networking & Engagements,,full time,,,https://enkingint.zohorecruit.com/recruit/PortalDetail.na?iframe=true&digest=aUnyjlpadBy.9HV.@STGw3GAUnkE7bVo.a85bxdBEmQ-&jobid=410847000027622063&widgetid=410847000000072311&embedsource=CareerSite,True,manager--strategic-networking--engagements,2026-01-02,,,,
2026-01-17 21:45:36.579101,2026-01-17 21:45:36.579101,,Management Trainee | Process Coordination,,training,,,https://enkingint.zohorecruit.com/recruit/PortalDetail.na?iframe=true&digest=aUnyjlpadBy.9HV.@STGw3GAUnkE7bVo.a85bxdBEmQ-&jobid=410847000027600007&widgetid=410847000000072311&embedsource=CareerSite,True,management-trainee--process-coordination,2025-12-01,,,,
2026-01-17 21:45:36.579101,2026-01-17 21:45:36.579101,,Intern | HR & Administration,,contract,,,https://enkingint.zohorecruit.com/recruit/PortalDetail.na?iframe=true&digest=aUnyjlpadBy.9HV.@STGw3GAUnkE7bVo.a85bxdBEmQ-&jobid=410847000026122029&widgetid=410847000000072311&embedsource=CareerSite,True,intern--hr--administration,2025-08-22,,,,
